{"cameraMode":{"drawMode":0,"name":"Shaded","section":"Shading Mode"},"sceneLighting":false,"audioPlay":false,"sceneViewState":{"m_AlwaysRefresh":false,"showFog":false,"showSkybox":false,"showFlares":false,"showImageEffects":false,"showParticleSystems":false,"showVisualEffectGraphs":true,"m_FxEnabled":true},"in2DMode":false,"pivot":{"x":-0.15808656811714173,"y":0.3326639235019684,"z":-0.6126658916473389},"rotation":{"x":-0.008613845333456993,"y":0.9779283404350281,"z":-0.04109616205096245,"w":-0.20474934577941895},"size":0.6641395092010498,"orthographic":false}