{"cameraMode":{"drawMode":0,"name":"Shaded","section":"Shading Mode"},"sceneLighting":false,"audioPlay":false,"sceneViewState":{"m_AlwaysRefresh":false,"showFog":false,"showSkybox":false,"showFlares":false,"showImageEffects":false,"showParticleSystems":false,"showVisualEffectGraphs":true,"m_FxEnabled":true},"in2DMode":false,"pivot":{"x":0.1668080985546112,"y":0.22615161538124085,"z":-0.5733740925788879},"rotation":{"x":-0.03936254233121872,"y":0.9587131142616272,"z":-0.1655561774969101,"w":-0.22790534794330598},"size":0.4435276687145233,"orthographic":false}