{"cameraMode":{"drawMode":2,"name":"Shaded Wireframe","section":"Shading Mode"},"sceneLighting":false,"audioPlay":false,"sceneViewState":{"m_AlwaysRefresh":false,"showFog":true,"showSkybox":false,"showFlares":true,"showImageEffects":true,"showParticleSystems":true,"showVisualEffectGraphs":true,"m_FxEnabled":true},"in2DMode":false,"pivot":{"x":0.09999999403953552,"y":1.499999761581421,"z":0.09999999403953552},"rotation":{"x":-0.010649707168340683,"y":0.6144790053367615,"z":-0.00829597283154726,"w":-0.7888178825378418},"size":1.5066516399383546,"orthographic":false}