{"cameraMode":{"drawMode":0,"name":"Shaded","section":"Shading Mode"},"sceneLighting":false,"audioPlay":false,"sceneViewState":{"m_AlwaysRefresh":false,"showFog":false,"showSkybox":false,"showFlares":false,"showImageEffects":false,"showParticleSystems":false,"showVisualEffectGraphs":true,"m_FxEnabled":true},"in2DMode":false,"pivot":{"x":0.13595014810562135,"y":0.2987416982650757,"z":-0.29503554105758669},"rotation":{"x":-0.026832284405827524,"y":0.9671028852462769,"z":-0.11514037847518921,"w":-0.22530750930309297},"size":0.7011682987213135,"orthographic":false}